{"cameraMode":{"drawMode":0,"name":"Shaded","section":"Shading Mode"},"sceneLighting":false,"audioPlay":false,"sceneViewState":{"showFog":true,"showMaterialUpdate":false,"showSkybox":true,"showFlares":true,"showImageEffects":true,"showParticleSystems":true},"in2DMode":false,"pivot":{"x":0.0,"y":0.7999999523162842,"z":-3.9000000953674318},"rotation":{"x":0.2201407551765442,"y":0.19254204630851746,"z":-0.044372495263814929,"w":0.9552469849586487},"size":4.041658401489258,"orthographic":true}